Chromosome	Start_Position	End_Position	nMuts	Avg_intermutation_dist	Size	Tumor_Sample_Barcode	C>G	C>T	C>A	NA	T>A	T>C	T>G
5	1116081	1118215	8	304.857142857143	2134	RC597TH1	3	5	NA	NA	NA	NA	NA
5	1210366	1211712	9	168.25	1346	RC597TH1	5	3	1	NA	NA	NA	NA
5	1229336	1229754	7	69.6666666666667	418	RC597TH1	3	3	1	NA	NA	NA	NA
5	1255296	1258212	6	583.2	2916	RC597TH1	2	2	1	1	NA	NA	NA
5	1477636	1479239	8	229	1603	RC597TH1	NA	8	NA	NA	NA	NA	NA
5	1505905	1506110	6	41	205	RC597TH1	NA	4	2	NA	NA	NA	NA
5	10659645	10661275	8	232.857142857143	1630	RC597TH1	1	6	NA	1	NA	NA	NA
5	10784131	10789791	12	514.545454545455	5660	RC597TH1	NA	9	3	NA	NA	NA	NA
5	11893652	11899142	7	915	5490	RC597TH1	3	NA	3	NA	1	NA	NA
5	14566783	14568503	10	191.111111111111	1720	RC597TH1	4	4	2	NA	NA	NA	NA
5	15491996	15496533	13	378.083333333333	4537	RC597TH1	5	5	3	NA	NA	NA	NA
5	17287222	17289397	16	145	2175	RC597TH1	NA	16	NA	NA	NA	NA	NA
5	28479411	28485427	13	501.333333333333	6016	RC597TH1	5	4	4	NA	NA	NA	NA
5	37209370	37218635	15	661.785714285714	9265	RC597TH1	8	6	NA	NA	NA	1	NA
12	49094210	49094883	7	112.166666666667	673	RC597TH1	3	2	2	NA	NA	NA	NA
12	49172634	49175028	7	399	2394	RC597TH1	NA	6	1	NA	NA	NA	NA
12	54298667	54301114	7	407.833333333333	2447	RC597TH1	1	4	2	NA	NA	NA	NA
12	58660136	58663890	7	625.666666666667	3754	RC597TH1	4	2	1	NA	NA	NA	NA
12	62021002	62021756	11	75.4	754	RC597TH1	2	8	NA	NA	NA	1	NA
12	62829165	62835644	11	647.9	6479	RC597TH1	2	8	1	NA	NA	NA	NA
12	63462711	63464546	16	122.333333333333	1835	RC597TH1	5	8	3	NA	NA	NA	NA
12	68072493	68078479	7	997.666666666667	5986	RC597TH1	1	6	NA	NA	NA	NA	NA
12	68457683	68459490	13	150.583333333333	1807	RC597TH1	2	4	5	NA	NA	1	1
12	68684886	68686221	6	267	1335	RC597TH1	1	5	NA	NA	NA	NA	NA
12	69634655	69635852	7	199.5	1197	RC597TH1	2	1	4	NA	NA	NA	NA
12	75945165	75947046	11	188.1	1881	RC597TH1	4	7	NA	NA	NA	NA	NA
12	76221367	76223022	9	206.875	1655	RC597TH1	3	6	NA	NA	NA	NA	NA
12	78345460	78346549	7	181.5	1089	RC597TH1	3	4	NA	NA	NA	NA	NA
