Chromosome	Start_Position	End_Position	nMuts	Avg_intermutation_dist	Size	Tumor_Sample_Barcode	C>A	C>G	C>T	NA	T>C
1	114312547	114314939	6	478.4	2392	RC596TH1	1	4	1	NA	NA
17	39601301	39607336	15	431.071428571429	6035	RC596TH1	1	3	9	1	1
17	41018042	41018411	8	52.7142857142857	369	RC596TH1	1	1	6	NA	NA
