Chromosome	Start_Position	End_Position	nMuts	Avg_intermutation_dist	Size	Tumor_Sample_Barcode	C>G	C>T	NA	C>A	T>G	T>C	T>A
1	103502596	103503535	9	117.375	939	RC603TH1	7	2	NA	NA	NA	NA	NA
3	1520252	1520564	6	62.4	312	RC603TH1	NA	6	NA	NA	NA	NA	NA
4	55511624	55542915	74	428.643835616438	31291	RC603TH1	NA	71	1	1	1	NA	NA
4	62171523	62171934	6	82.2	411	RC603TH1	2	3	1	NA	NA	NA	NA
4	62999027	63004369	15	381.571428571429	5342	RC603TH1	5	7	NA	2	NA	1	NA
4	74360853	74361263	7	68.3333333333333	410	RC603TH1	2	3	NA	2	NA	NA	NA
4	182138730	182142994	6	852.8	4264	RC603TH1	1	1	NA	NA	1	1	2
4	182164436	182169117	6	936.2	4681	RC603TH1	NA	1	NA	1	NA	1	3
5	28395590	28398618	5	757	3028	RC603TH1	NA	NA	NA	NA	NA	4	1
5	43662858	43667629	8	681.571428571429	4771	RC603TH1	NA	2	NA	4	NA	1	1
6	141011866	141012844	6	195.6	978	RC603TH1	5	NA	NA	1	NA	NA	NA
6	145202422	145203064	6	128.4	642	RC603TH1	3	1	1	1	NA	NA	NA
6	145302854	145307392	39	119.421052631579	4538	RC603TH1	14	14	1	10	NA	NA	NA
7	69826600	69830908	5	1077	4308	RC603TH1	1	1	NA	NA	1	1	1
10	95103301	95118948	30	539.551724137931	15647	RC603TH1	10	18	NA	1	NA	1	NA
11	35186637	35187820	7	197.166666666667	1183	RC603TH1	4	NA	NA	1	1	NA	1
11	71065581	71072319	12	612.545454545455	6738	RC603TH1	6	4	NA	2	NA	NA	NA
11	91034487	91034756	9	33.625	269	RC603TH1	4	2	1	2	NA	NA	NA
11	91710176	91715348	7	862	5172	RC603TH1	2	3	NA	2	NA	NA	NA
11	99074167	99088448	18	840.058823529412	14281	RC603TH1	9	8	NA	1	NA	NA	NA
13	83249373	83252271	6	579.6	2898	RC603TH1	NA	1	NA	1	NA	4	NA
16	78623891	78626310	5	604.75	2419	RC603TH1	NA	NA	NA	NA	1	3	1
17	27237750	27239260	5	377.5	1510	RC603TH1	1	NA	NA	4	NA	NA	NA
18	28855434	28855963	6	105.8	529	RC603TH1	NA	NA	NA	NA	1	3	2
21	19954183	19955195	7	168.666666666667	1012	RC603TH1	2	4	NA	1	NA	NA	NA
22	17295765	17317372	31	720.233333333333	21607	RC603TH1	3	28	NA	NA	NA	NA	NA
22	20767441	20770089	17	165.5	2648	RC603TH1	10	5	1	1	NA	NA	NA
22	24269275	24270231	10	106.222222222222	956	RC603TH1	NA	9	NA	NA	NA	NA	1
22	28950583	28951760	8	168.142857142857	1177	RC603TH1	4	3	1	NA	NA	NA	NA
22	44268072	44284102	20	843.684210526316	16030	RC603TH1	6	10	1	3	NA	NA	NA
